,actual,pred_rf,pred_clf,pred_dt
0,270000.0,518842.62342358136,566468.3923659652,372029.5326086957
1,142000.0,218648.4452688157,154847.3267213451,207842.56578947368
2,580000.0,692325.4465709818,656289.6080142417,593213.4325247525
3,100000.0,188983.67903773475,134905.37892962722,207842.56578947368
4,479487.0,382624.52622955444,462680.9345876889,593213.4325247525
5,470000.0,1046946.3534054849,1123626.334043059,1046830.5576521739
6,160000.0,263565.91856360965,213822.6159882971,207842.56578947368
7,580000.0,246102.5473161589,274310.6648847975,207842.56578947368
8,7000000.0,2739667.4667418515,3140369.855810105,4062472.4166666665
9,140500.0,179739.50070066904,120769.21586309308,207842.56578947368
10,1040000.0,1200008.520759473,1073972.8142330165,1286429.891304348
11,700000.0,1252794.6229797509,1278082.861237076,1286429.891304348
12,930000.0,1612559.196211853,1426654.602324179,1484511.5226086956
13,348800.0,230745.93476588308,225968.21784685022,207842.56578947368
14,195000.0,214568.33953214373,142221.30203837896,207842.56578947368
15,1800000.0,1284383.8443386874,1427843.7803163296,1286429.891304348
16,780000.0,455116.2502203697,545944.7260730558,372029.5326086957
17,280000.0,198845.90870804698,276941.66081310535,207842.56578947368
18,805000.0,1109647.5477595697,983194.7652231492,1046830.5576521739
19,108000.0,181731.32512775884,238438.50381046295,207842.56578947368
20,306000.0,207600.4106927585,242706.9743134845,207842.56578947368
21,380000.0,917509.4663279207,1020551.4989525229,923511.8670886076
22,120000.0,189619.7766527349,130650.9674648829,207842.56578947368
23,1050000.0,529556.5492438747,538022.2078956077,577623.4939759036
24,800000.0,450761.47988880286,366539.2968287039,372029.5326086957
25,592500.0,724125.9434687478,765888.2193620495,593213.4325247525
26,590000.0,382299.8030490703,426427.15127835626,593213.4325247525
27,375000.0,368749.5804354824,299832.60947111243,372029.5326086957
28,270000.0,1026525.5018830794,711351.525839678,599852.6081081082
29,315000.0,285172.3094690817,321841.66095000086,207842.56578947368
30,405000.0,302073.724387384,346925.48543183325,207842.56578947368
31,745000.0,309956.03848347516,435967.9572250866,207842.56578947368
32,1200000.0,1715189.7441536412,1829643.5212700807,2030382.4225490196
33,844000.0,884750.1813281939,903871.1544384937,923511.8670886076
34,110000.0,181540.39840770705,156115.32496032165,207842.56578947368
35,2575000.0,1199941.5824464604,1355430.4988334042,1286429.891304348
36,40000.0,177641.66356732693,120402.15763952848,207842.56578947368
37,2000000.0,1651769.9143346967,2288540.00187087,2030382.4225490196
38,720000.0,369834.22003114293,288945.7437202535,372029.5326086957
39,80000.0,181540.39840770705,126437.56130728082,207842.56578947368
40,368601.0,214318.7984350035,257451.44903472898,207842.56578947368
41,290000.0,198504.77773775434,181664.2323143123,207842.56578947368
42,56000.0,177501.88337674722,115853.64513555518,207842.56578947368
43,350000.0,317654.9503149644,298317.0989255639,372029.5326086957
44,235000.0,454525.9436732499,443687.0124054789,372029.5326086957
45,169000.0,266687.99815600546,211316.2530933311,207842.56578947368
46,74000.0,180435.12021374964,103149.19540487546,207842.56578947368
47,280000.0,491267.6087869898,456049.6183012281,577623.4939759036
48,85000.0,181187.49356605104,128391.8911801562,207842.56578947368
49,678000.0,286012.72055409435,313237.72250491387,207842.56578947368
50,1188000.0,746313.6922194061,865521.2204683379,923511.8670886076
51,515000.0,310195.4673775662,349004.0247649346,207842.56578947368
52,100000.0,180383.97368427756,81660.7284229522,207842.56578947368
53,860000.0,1166432.7046286475,1185361.9702176312,1286429.891304348
54,1200000.0,1184491.1765891395,1367207.6569058795,1286429.891304348
55,168000.0,277189.4725266441,249163.7055178618,207842.56578947368
56,445000.0,542469.5442246639,592064.4398835083,372029.5326086957
57,256000.0,263326.4896695186,240424.68296716126,207842.56578947368
58,192675.0,286988.61746879783,297018.5238425614,207842.56578947368
59,2050000.0,1101906.8902613604,1024272.5753305653,1046830.5576521739
60,1150000.0,1759967.153184262,1542912.3128865915,2030382.4225490196
61,235000.0,186323.42282959225,252540.29657764858,207842.56578947368
62,880000.0,539035.6356499791,523584.08795615245,577623.4939759036
63,160000.0,209264.39641668982,256490.37625021467,207842.56578947368
64,228000.0,455891.72296336654,386849.04576175474,372029.5326086957
65,604000.0,485111.8013993037,495814.36241127335,593213.4325247525
66,240000.0,469481.0354134477,661140.9875633722,372029.5326086957
67,335000.0,369233.3050343264,273869.8594307242,372029.5326086957
68,148000.0,199153.63935812959,230465.97714659877,207842.56578947368
69,271000.0,221331.87926572183,286761.10156771773,207842.56578947368
70,200000.0,181540.39840770705,133630.48836863236,207842.56578947368
71,200000.0,181540.39840770705,146027.31749844906,207842.56578947368
72,147000.0,181540.39840770705,138267.8166494321,207842.56578947368
73,630000.0,721486.6378683189,737794.9317945618,593213.4325247525
74,57000.0,177641.66356732693,118912.2054142539,207842.56578947368
75,1100000.0,719794.249124913,730715.4115876354,593213.4325247525
76,70000.0,179739.50070066904,141012.9227902018,207842.56578947368
77,265750.0,191071.375222873,229103.99533450563,207842.56578947368
78,380000.0,667566.11521973,728992.7627854908,593213.4325247525
79,72250.0,189576.40786668137,232852.45625004746,207842.56578947368
80,381500.0,317654.9503149644,316190.6536494049,372029.5326086957
81,295000.0,215061.3042892651,194402.9206475061,207842.56578947368
82,205000.0,187141.33787149139,234053.18577024763,207842.56578947368
83,58500.0,178045.4650058144,119693.45985722414,207842.56578947368
84,73250.0,179201.88972924385,111073.37127582938,207842.56578947368
85,800000.0,1042201.1327251232,993078.375202581,1046830.5576521739
86,550000.0,209264.39641668982,289114.98551620747,207842.56578947368
87,525000.0,688060.0706364918,931685.8245990473,577623.4939759036
88,820000.0,406193.72374220757,313270.08870714693,372029.5326086957
89,453000.0,476504.4135520745,409806.04568522086,372029.5326086957
90,135000.0,227737.39568159744,261951.41512742444,207842.56578947368
91,1321500.0,1948534.504552877,2166970.82560923,2030382.4225490196
92,242500.0,463663.105014198,433032.1065980902,372029.5326086957
93,686250.0,2100665.102501439,2396817.4810167192,2030382.4225490196
94,110000.0,341339.7541343837,328026.67137781164,599852.6081081082
95,1630500.0,3168511.377776306,2662231.0724768955,2160899.9833333334
96,300000.0,194285.2363623336,241476.69881831904,207842.56578947368
97,285000.0,209264.39641668982,234183.10058879765,207842.56578947368
98,102500.0,177501.88337674722,130350.80440467475,207842.56578947368
99,60000.0,178405.73575962556,67643.17122914319,207842.56578947368
100,390000.0,465108.4114735457,377001.1227707332,372029.5326086957
101,271500.0,373353.48997332517,443849.69536469056,593213.4325247525
102,204000.0,442888.10262528766,432507.53754736873,372029.5326086957
103,170000.0,193481.953829151,258064.29484485317,207842.56578947368
104,380000.0,321930.73209735326,333536.5950170989,372029.5326086957
105,800000.0,697879.5905965785,740011.7641596682,593213.4325247525
106,600000.0,691874.5341664617,710297.0576027039,593213.4325247525
107,275000.0,263904.74871303304,282878.72803918604,207842.56578947368
108,166000.0,190140.10376116424,247152.32465035873,207842.56578947368
109,514900.0,291732.06622856774,347932.0182861752,207842.56578947368
110,465000.0,314171.3087405085,251709.48269795938,372029.5326086957
111,158000.0,263452.0119333692,222365.69972022384,207842.56578947368
112,903170.5,692311.9545462122,755653.1848332873,593213.4325247525
113,305000.0,317654.9503149644,260159.0144104857,372029.5326086957
114,115000.0,177641.66356732693,131429.90896907632,207842.56578947368
115,750000.0,1196821.2798382663,1157278.8116233784,1286429.891304348
116,130000.0,210958.26327515306,146947.18616841434,207842.56578947368
117,590000.0,1110488.657215924,926213.3422564052,1046830.5576521739
118,339000.0,317654.9503149644,261442.41527053315,372029.5326086957
119,155000.0,214568.33953214373,155450.46990421767,207842.56578947368
120,1100000.0,2013645.3424406904,2198708.339212837,2030382.4225490196
121,1840000.0,1229462.32412693,1234422.8370912354,1286429.891304348
122,363750.0,383807.05377081473,389313.67459052254,372029.5326086957
123,455000.0,222575.66302173963,272936.089789723,207842.56578947368
124,300000.0,491199.6835512608,483489.7066641074,577623.4939759036
125,540000.0,623581.6656998852,565863.0196155953,577623.4939759036
126,399500.0,288231.28744726215,319510.63935954357,207842.56578947368
127,400000.0,285172.3094690817,322503.2751336295,207842.56578947368
128,335000.0,660367.5155211963,534450.9859820252,577623.4939759036
129,80000.0,177641.66356732693,166009.25593264628,207842.56578947368
130,292500.0,330760.93630319857,402367.46860275813,207842.56578947368
131,280000.0,466646.06967911654,393946.1289714423,372029.5326086957
132,750000.0,1026911.0637086534,931009.112317761,1046830.5576521739
133,600000.0,333256.6889073707,440813.68849328544,207842.56578947368
134,254000.0,408095.85153645225,315068.20447051886,372029.5326086957
135,210000.0,191996.18353551428,258886.4170167915,207842.56578947368
136,1593500.0,862572.7131842915,971549.3377433583,923511.8670886076
137,175000.0,189902.22697297818,226041.67468064622,207842.56578947368
138,230000.0,449095.02729842684,347929.7800988975,372029.5326086957
139,1955000.0,627777.6121194429,700671.5203338565,577623.4939759036
140,270000.0,417101.33274992503,528018.1835345392,599852.6081081082
141,3000000.0,1193725.6749567802,1288711.0944995587,1286429.891304348
142,473000.0,244097.484474221,266568.04730602825,207842.56578947368
143,747500.0,1030657.4710784248,852737.6483158155,1046830.5576521739
144,475000.0,311846.30252947274,366516.5162411376,207842.56578947368
145,340000.0,267145.72009721433,199493.22481652274,207842.56578947368
146,122000.0,214568.33953214373,137536.08470307576,207842.56578947368
147,1400000.0,672721.1000499936,731213.2803861863,577623.4939759036
148,1328000.0,1582704.737081886,1389591.7815125608,1484511.5226086956
149,180000.0,288217.1804783229,358507.0055448011,207842.56578947368
150,1000000.0,1105982.0933858498,1099180.5799967116,1046830.5576521739
151,140000.0,190140.10376116424,238438.50381046295,207842.56578947368
152,415000.0,981047.4821200549,696391.3775698155,593213.4325247525
153,1230000.0,1271144.5974881887,1824959.5185827066,1286429.891304348
154,600000.0,1283767.7443456075,1257011.7320241458,1286429.891304348
155,1000000.0,667699.6211607748,707160.3247953393,593213.4325247525
156,670000.0,1007738.3552201287,872807.8701415408,1046830.5576521739
157,520000.0,369233.3050343264,283001.6263400409,372029.5326086957
158,220000.0,314171.3087405085,299448.9560194232,372029.5326086957
159,182500.0,183636.8739634018,235899.58390192385,207842.56578947368
160,580000.0,692901.9608451163,687687.3781074256,593213.4325247525
161,775000.0,1193069.2178774993,1344037.1206674993,1286429.891304348
162,80000.0,181540.39840770705,129549.33669319836,207842.56578947368
163,99000.0,185845.1329574822,121476.02420272118,207842.56578947368
164,347500.0,470839.92121337494,477658.3263641859,372029.5326086957
165,530000.0,659053.1156974057,586789.2039398835,577623.4939759036
166,288000.0,408745.07558737206,318461.32532472105,372029.5326086957
167,112000.0,187141.33787149139,209765.58756546638,207842.56578947368
168,216000.0,369233.3050343264,273792.8974678427,372029.5326086957
169,292000.0,184827.63620000368,159125.16500647514,207842.56578947368
170,179800.0,182604.62451743262,247076.24300267673,207842.56578947368
171,126000.0,355119.37478346634,208199.36995385776,599852.6081081082
172,820000.0,1254959.220316042,1373879.4288981485,1286429.891304348
173,81500.0,179062.10953866414,133142.60354746832,207842.56578947368
174,314000.0,485111.8013993037,502893.88261819974,593213.4325247525
175,335000.0,227737.39568159744,253564.133347368,207842.56578947368
176,358000.0,222575.66302173963,249976.29221117936,207842.56578947368
177,254000.0,561919.3571068995,545122.2169235318,593213.4325247525
178,510000.0,452403.72002008907,504948.2769082294,593213.4325247525
179,96000.0,186513.98689641527,154936.8800406401,207842.56578947368
180,100000.0,198364.99754717463,163672.25098979624,207842.56578947368
181,520000.0,540597.8712553042,484292.4752037025,577623.4939759036
182,193500.0,260787.6182618266,191815.05349173662,207842.56578947368
183,35000.0,1088272.8803735564,411712.1609481658,599852.6081081082
184,168000.0,265530.0204937368,249185.98138792368,207842.56578947368
185,800000.0,187141.33787149139,265934.8063079662,207842.56578947368
186,1600000.0,4010165.49307063,3922138.3916122187,4062472.4166666665
187,800000.0,670119.0873503548,755721.600140701,593213.4325247525
188,155000.0,189922.4429442224,135162.32293522364,207842.56578947368
189,388000.0,660818.819449154,643154.11293619,593213.4325247525
190,697500.0,678562.4564658526,690639.6171104551,593213.4325247525
191,194000.0,203345.90021539002,175652.93105059376,207842.56578947368
192,335000.0,553277.5101216374,549586.6006362283,593213.4325247525
193,290000.0,183497.0937728221,242139.87061028057,207842.56578947368
194,210000.0,209264.39641668982,254272.01433102507,207842.56578947368
195,28500.0,176485.23884389747,63339.425216067975,207842.56578947368
196,450000.0,672310.4850434149,705574.14808463,593213.4325247525
197,747500.0,625917.9705130653,697888.0447166301,593213.4325247525
198,375000.0,692739.5661470578,703296.1398967274,593213.4325247525
199,1188800.0,754581.6733415266,842110.7343994079,923511.8670886076
200,459000.0,894273.8175929027,933766.6360787364,923511.8670886076
201,110000.0,202563.10474724846,142422.19240341475,207842.56578947368
202,80000.0,180774.8561185909,108926.72384858182,207842.56578947368
203,3300000.0,1660769.958252733,1603466.3633583467,1484511.5226086956
204,200000.0,181187.49356605104,116994.12396859325,207842.56578947368
205,398500.0,609886.7196728787,567685.5863076814,577623.4939759036
206,215000.0,406193.72374220757,337340.1611067097,372029.5326086957
207,910000.0,1066955.0293506028,1094861.5923397653,1046830.5576521739
208,60000.0,179562.160483055,107570.13332137691,207842.56578947368
209,137000.0,259107.54787325158,190548.88051837095,207842.56578947368
210,590000.0,1097853.4977905967,983334.7376837176,1046830.5576521739
211,260000.0,183497.0937728221,231283.5416987178,207842.56578947368
212,1600000.0,1190673.052512943,1349648.9845975232,1286429.891304348
213,578000.0,281093.6631440664,312396.97712555365,207842.56578947368
214,581975.0,1403694.590433517,1743134.319608968,1046830.5576521739
215,120000.0,190140.10376116424,235899.58390192385,207842.56578947368
216,756800.0,1120016.3132356144,875132.3167389949,1286429.891304348
217,150000.0,209010.8605536595,261421.22312157426,207842.56578947368
218,176500.0,228094.24827723976,253673.26252509508,207842.56578947368
219,505000.0,889054.6136220692,859807.7838344476,923511.8670886076
220,580000.0,1038643.6099062264,1058302.1164158373,1046830.5576521739
221,408000.0,259685.80691676596,256260.53899132513,207842.56578947368
222,85000.0,180774.8561185909,156829.21225397894,207842.56578947368
223,287500.0,467866.0026455876,412155.76974095684,372029.5326086957
224,422800.0,246116.65428509814,261775.16994291134,207842.56578947368
225,350000.0,370164.6686923563,293906.01862281305,372029.5326086957
226,760500.0,658147.321936401,653123.718114354,593213.4325247525
227,650000.0,687393.7603313952,747042.6246046436,593213.4325247525
228,145000.0,281093.6631440664,278236.02205905295,207842.56578947368
229,267500.0,375054.72642945696,432189.6551448209,593213.4325247525
230,830000.0,1092210.0097486635,1105151.8044860687,1046830.5576521739
231,200000.0,190603.58466547218,326099.4242059735,207842.56578947368
232,1325000.0,1652659.5587992475,1464283.7294712563,1484511.5226086956
233,100000.0,193380.10661365648,260958.54864567227,207842.56578947368
234,500000.0,625917.9705130653,616357.3383990247,593213.4325247525
235,975000.0,769831.0659832767,845893.3039016264,923511.8670886076
236,238000.0,203960.5884347985,194663.49303188213,207842.56578947368
237,325000.0,465986.04180116265,421813.9229719716,372029.5326086957
238,930000.0,1090744.211303302,833096.6486281585,1286429.891304348
239,1190000.0,712079.3416495852,691708.4183989314,593213.4325247525
240,2070000.0,2730074.8744296357,2732496.6125398003,2160899.9833333334
241,75000.0,179739.50070066904,114649.65352830327,207842.56578947368
242,30500.0,176345.45865331774,52344.29591439863,207842.56578947368
243,33000.0,177501.88337674722,109192.30400663866,207842.56578947368
244,678000.0,262830.27172848163,281953.0042700124,207842.56578947368
245,272500.0,261365.87730534098,227624.96346337494,207842.56578947368
246,260000.0,179201.88972924385,147115.44342168063,207842.56578947368
247,338526.0,281093.6631440664,281438.7892101263,207842.56578947368
248,125000.0,345453.3044159864,257161.92964619555,599852.6081081082
249,681500.0,993875.2418837851,809220.0794451196,1046830.5576521739
250,260000.0,201313.08720661045,241897.75323887874,207842.56578947368
251,153800.0,213033.87096085414,166049.20788656033,207842.56578947368
252,350000.0,207600.4106927585,253813.55896181185,207842.56578947368
253,444000.0,498341.20049858635,582498.9322195492,577623.4939759036
254,875000.0,895023.2025903536,966761.7874012773,923511.8670886076
255,382280.0,291732.06622856774,308992.0658900809,207842.56578947368
256,270000.0,363769.42400267354,273147.56293758913,372029.5326086957
257,1054000.0,614860.8643415091,554260.7210589633,577623.4939759036
258,250000.0,190776.20137616442,229765.60951813427,207842.56578947368
259,790000.0,630733.5347154373,700557.728233073,577623.4939759036
260,348000.0,285172.3094690817,335298.5906463356,207842.56578947368
261,1300000.0,473364.0910216993,477658.3263641859,372029.5326086957
262,555000.0,292769.50678853085,340249.6954330574,207842.56578947368
263,383960.0,369080.02909669577,316967.9022601495,372029.5326086957
264,184500.0,375054.72642945696,443602.84178699285,593213.4325247525
265,115000.0,204054.8530813591,126140.93420966508,207842.56578947368
266,883440.0,783041.0821465175,838436.9614980826,923511.8670886076
267,150000.0,222866.34783701142,252614.18402829193,207842.56578947368
268,225000.0,409865.82984871604,319919.2746938129,372029.5326086957
269,1700000.0,1137488.4101049113,1200766.2913131632,1046830.5576521739
270,1291358.0,759209.0773037568,778699.2686749819,923511.8670886076
271,977000.0,660357.8058327076,563134.731741375,577623.4939759036
272,76500.0,179562.160483055,124210.84599710227,207842.56578947368
273,240000.0,275727.1623446466,218875.98084781825,207842.56578947368
274,577000.0,313209.6362802323,412653.6828364262,207842.56578947368
275,195940.0,181591.54493717913,222555.34244809454,207842.56578947368
276,320000.0,232436.97126289477,227283.35434897512,207842.56578947368
277,493000.0,1021522.8149226572,892192.1594488593,1046830.5576521739
278,1460000.0,1719256.9111308518,1597769.0307639241,2030382.4225490196
279,910000.0,485111.8013993037,531073.1295131618,593213.4325247525
280,300000.0,244336.9133683121,285081.1970336683,207842.56578947368
281,333500.0,547069.2783741757,489227.0572956223,577623.4939759036
282,1468800.0,2037658.482307077,2149435.6258981978,2030382.4225490196
283,120000.0,203707.05257176823,140600.7076571158,207842.56578947368
284,173000.0,265905.0334815322,198259.4225398061,207842.56578947368
285,2450000.0,3050890.3140480793,3129499.0811269246,2160899.9833333334
286,125000.0,464892.8273812137,404922.5669438585,372029.5326086957
287,100000.0,185984.0609234332,225140.64622694725,207842.56578947368
288,488000.0,375379.44960994105,519100.75234582217,593213.4325247525
289,228000.0,291732.06622856774,302476.7979891745,207842.56578947368
290,46000.0,176485.23884389747,78202.41265330624,207842.56578947368
291,3840000.0,3753438.067140923,4144099.389939062,4062472.4166666665
292,650400.0,375054.72642945696,411904.4463531613,593213.4325247525
293,2300000.0,2173067.38216571,2112354.800730606,2030382.4225490196
294,1999142.86,177641.66356732693,109613.35842719839,207842.56578947368
295,230000.0,484510.8864024871,556912.8446671739,593213.4325247525
296,178000.0,208321.19583290222,182526.96604352936,207842.56578947368
297,75000.0,185984.9131480619,155990.16370994752,207842.56578947368
298,604000.0,652810.6066905174,664421.1536818501,593213.4325247525
299,383200.0,406031.353420803,937645.6386458237,599852.6081081082
300,300000.0,489979.75058478967,466165.87116224197,577623.4939759036
301,600000.0,645248.7883780315,715061.915576602,593213.4325247525
302,1622800.0,660475.828469505,668039.5499983656,593213.4325247525
303,180000.0,181540.39840770705,128889.70993911763,207842.56578947368
304,1350000.0,1828653.6349964025,1730596.76471503,1484511.5226086956
305,295000.0,465235.13002006785,403692.1780171766,372029.5326086957
306,254000.0,223119.8837000417,243736.6051468114,207842.56578947368
307,330000.0,408095.85153645225,314536.26168051263,372029.5326086957
308,110000.0,198292.18949076885,246321.88312034748,207842.56578947368
309,288000.0,370750.1080731873,316967.9022601495,372029.5326086957
310,190000.0,266927.42705009656,247042.67683365245,207842.56578947368
311,200000.0,191820.5123871393,151394.24378648863,207842.56578947368
312,932500.0,1086860.114751204,1109350.6761982813,1046830.5576521739
313,502500.0,370164.6686923563,322576.49888672295,372029.5326086957
314,40000.0,177641.66356732693,162441.9996788131,207842.56578947368
315,240000.0,218427.09948411526,278917.56148291205,207842.56578947368
316,160000.0,180383.97368427756,100748.34536474945,207842.56578947368
317,635000.0,484510.8864024871,487394.57749351946,593213.4325247525
318,68945.0,178443.2957866599,90012.36320867529,207842.56578947368
319,580000.0,508517.75993829936,567141.6233088129,577623.4939759036
320,180000.0,281977.83832462045,310300.9235119084,207842.56578947368
321,300000.0,317654.9503149644,266347.4435894176,372029.5326086957
322,460000.0,1007241.707861849,893908.6817101144,1046830.5576521739
323,135000.0,259107.54787325158,190763.40917806554,207842.56578947368
324,225800.0,281977.83832462045,303409.14864045393,207842.56578947368
325,147000.0,180383.97368427756,119952.22696442086,207842.56578947368
326,310000.0,224867.3135385336,263626.60179152177,207842.56578947368
327,2950000.0,1295230.7800409652,1279227.4989982112,1286429.891304348
328,729000.0,761635.4019435324,802591.3146329139,923511.8670886076
329,420000.0,398028.6606549615,268680.0706184339,372029.5326086957
330,190000.0,202816.64061027882,188015.49916580407,207842.56578947368
331,885000.0,1098088.8958064455,1057607.7095019594,1046830.5576521739
332,308000.0,187141.33787149139,216711.216888285,207842.56578947368
333,290000.0,464766.1088346916,385012.1355452877,372029.5326086957
334,273954.0,401280.67502602417,500713.55705096794,599852.6081081082
335,930000.0,502794.01641358616,494457.0434399547,593213.4325247525
336,485000.0,500528.5464727332,637610.0243237083,577623.4939759036
337,40000.0,176345.45865331774,58691.77014330311,207842.56578947368
338,155000.0,181731.32512775884,238239.7851070582,207842.56578947368
339,256500.0,193380.10661365648,238173.81840139072,207842.56578947368
340,283000.0,288556.0106277463,367552.03947976464,207842.56578947368
341,250000.0,378883.4701881774,265438.02030716976,599852.6081081082
342,180000.0,293023.04265156115,316263.052765947,207842.56578947368
343,125000.0,180701.47363971773,161583.47085019437,207842.56578947368
344,2210000.0,1113786.6049570157,1125483.5779162913,1046830.5576521739
345,470000.0,670132.5793751243,689691.9041609712,593213.4325247525
346,970000.0,611814.225127887,544092.8691980336,577623.4939759036
347,160000.0,263326.4896695186,221186.40492401048,207842.56578947368
348,503000.0,293347.76583204523,299095.3268927933,207842.56578947368
349,72500.0,178443.2957866599,60471.647521659295,207842.56578947368
350,100000.0,259107.54787325158,199972.1380502638,207842.56578947368
351,45000.0,177641.66356732693,121554.4923522952,207842.56578947368
352,800000.0,1649468.8737768927,1705095.4207960651,2030382.4225490196
353,315000.0,220832.78062237427,290813.8744769101,207842.56578947368
354,142500.0,186183.64263901254,222542.02177667638,207842.56578947368
355,285000.0,224867.3135385336,277505.4349879933,207842.56578947368
356,210000.0,367373.3043806319,264278.25154882646,599852.6081081082
357,169000.0,266687.99815600546,306880.6694845235,207842.56578947368
358,278240.0,190776.20137616442,237654.3507996664,207842.56578947368
359,100000.0,203707.05257176823,141138.7915433674,207842.56578947368
360,1245000.0,1838769.7715695777,1545425.105329611,1484511.5226086956
361,231000.0,209264.39641668982,257451.44903472898,207842.56578947368
362,389500.0,281093.6631440664,298637.64317798556,207842.56578947368
363,225000.0,187141.33787149139,246387.84982601512,207842.56578947368
364,360000.0,496333.21823067736,554593.0943111454,577623.4939759036
365,375000.0,369888.47687602387,369676.2911704208,372029.5326086957
366,370000.0,501049.25008454354,501762.3910383593,577623.4939759036
367,600000.0,1096674.989728743,1079924.9909784796,1046830.5576521739
368,925000.0,691874.5341664617,704152.4240605737,593213.4325247525
369,1600000.0,1669246.1123748145,1529918.9202328336,2030382.4225490196
370,3000000.0,1238375.2498410004,1254615.214729384,1286429.891304348
371,639458.0,563438.2764940133,598355.2001953012,593213.4325247525
372,543755.0,382218.69713096967,436208.62285454356,593213.4325247525
373,570000.0,560048.9800921871,561148.5572867579,593213.4325247525
374,6400000.0,3050901.943578258,2741521.5669750236,4062472.4166666665
375,387500.0,288795.43952183734,350906.89202323597,207842.56578947368
376,205000.0,412773.5232177787,111314.19822549225,599852.6081081082
377,295000.0,223119.8837000417,258828.64774068524,207842.56578947368
378,370000.0,289102.6704624699,392017.1598487553,207842.56578947368
379,332500.0,190140.10376116424,249294.09363224075,207842.56578947368
380,1334000.0,3272179.9683212535,3039728.1816776386,4062472.4166666665
381,165000.0,180383.97368427756,94094.63434053447,207842.56578947368
382,485000.0,1021332.4501143603,907310.4855388433,1046830.5576521739
383,183000.0,314171.3087405085,254912.24984903267,372029.5326086957
384,423000.0,282217.2672187115,393362.13080726244,207842.56578947368
385,470000.0,744326.7353315564,786965.7542026528,923511.8670886076
386,970000.0,466634.2157014758,422584.0109146919,372029.5326086957
387,645000.0,375054.72642945696,432851.26932844956,593213.4325247525
388,700000.0,685417.331088519,733890.3868919875,593213.4325247525
389,408000.0,281977.83832462045,313852.1638093503,207842.56578947368
390,3000000.0,1739712.1002879112,1879585.8227934474,2030382.4225490196
391,80000.0,203096.96917475745,151341.5895213493,207842.56578947368
392,248000.0,185984.0609234332,232120.22277226896,207842.56578947368
393,188000.0,181731.32512775884,307287.81987336243,207842.56578947368
394,320000.0,545849.3454077046,489731.8766325247,577623.4939759036
395,1169000.0,1168169.864293568,1333306.4779076201,1286429.891304348
396,125000.0,202563.10474724846,139353.2507187636,207842.56578947368
397,1465000.0,1096829.432387822,1045120.2163819392,1046830.5576521739
398,608000.0,752028.8892472269,835153.7105252467,923511.8670886076
399,80000.0,180841.99434250555,132160.23972017926,207842.56578947368
400,250000.0,259055.16759924224,218631.19783129654,207842.56578947368
401,1634000.0,727159.1863652619,758823.4937569367,593213.4325247525
402,500000.0,730501.4979953475,732756.603684122,593213.4325247525
403,55000.0,176345.45865331774,56526.952997404085,207842.56578947368
404,700000.0,691874.5341664617,677807.0874357952,593213.4325247525
405,397238.0,285497.03264956584,316743.67027825495,207842.56578947368
406,47500.0,177501.88337674722,95860.86947939728,207842.56578947368
407,165000.0,190140.10376116424,238239.7851070582,207842.56578947368
408,316500.0,561919.3571068995,579088.4928436399,593213.4325247525
409,350000.0,491267.6087869898,456949.5908371209,577623.4939759036
410,1000000.0,2068721.4359753416,1499721.8164658647,2030382.4225490196
411,485000.0,353135.4297454608,429906.71985681285,599852.6081081082
412,110000.0,187670.41161984473,222070.77316162086,207842.56578947368
413,870000.0,661704.6823641509,609358.6462404008,593213.4325247525
414,180000.0,187810.19181042444,238239.7851070582,207842.56578947368
415,590000.0,375379.44960994105,445237.8727903093,593213.4325247525
416,87500.0,185027.21791558308,87506.0360712643,207842.56578947368
417,925000.0,865774.9432647979,880635.7026219921,923511.8670886076
418,1000000.0,1068397.9056639737,973425.5857235806,1046830.5576521739
419,472500.0,473701.74318242905,417969.4524455065,372029.5326086957
420,535000.0,484787.07821881963,478670.16674134706,593213.4325247525
421,66250.0,179201.88972924385,124669.30136631482,207842.56578947368
422,445000.0,464358.0937866338,417087.68499371316,372029.5326086957
423,470000.0,234488.16703822906,266293.3134458802,207842.56578947368
424,100000.0,184827.63620000368,159125.16500647514,207842.56578947368
425,323500.0,406193.72374220757,330252.01748001727,372029.5326086957
426,80000.0,185845.1329574822,114008.02510412066,207842.56578947368
427,1000000.0,1097534.3236526446,1089030.164931618,1046830.5576521739
428,551073.0,307146.7475193255,366516.5162411376,207842.56578947368
429,287800.0,291768.2490669398,382487.81983584666,207842.56578947368
430,384000.0,382624.52622955444,445364.9032154825,593213.4325247525
431,910000.0,1027453.0790105459,861441.6744096885,1046830.5576521739
432,350000.0,515667.5382225047,438432.9474317261,577623.4939759036
433,475000.0,285736.4615436569,339277.0344998576,207842.56578947368
434,175000.0,281347.19900709664,312731.6036028169,207842.56578947368
435,1165000.0,761635.4019435324,835343.237368904,923511.8670886076
436,86000.0,203707.05257176823,126140.93420966508,207842.56578947368
437,855000.0,677562.369225602,688251.2928416881,593213.4325247525
438,250000.0,195790.9692712365,250570.64753120724,207842.56578947368
439,170000.0,193989.7476386451,212769.3864191769,207842.56578947368
440,355000.0,375379.44960994105,410235.5356960054,593213.4325247525
441,155000.0,263326.4896695186,241206.18710291196,207842.56578947368
442,954500.0,1085787.9754676532,945484.3845661926,1046830.5576521739
443,650000.0,955972.7894636143,647468.9473451562,593213.4325247525
444,550000.0,375379.44960994105,455799.04680743045,593213.4325247525
445,2400000.0,1803827.3379082335,2273214.0116460063,2030382.4225490196
446,200000.0,288795.43952183734,417386.7786937698,207842.56578947368
447,620000.0,487406.4595405418,464960.6036116754,577623.4939759036
448,110000.0,204054.8530813591,136999.76390891022,207842.56578947368
449,747220.0,484510.8864024871,481304.3234253059,593213.4325247525
450,535000.0,375054.72642945696,436523.32158006646,593213.4325247525
451,150000.0,1032087.7344912029,416781.86281226744,599852.6081081082
452,170000.0,265530.0204937368,223562.18310516595,207842.56578947368
453,176500.0,219141.41002593702,212477.3091644266,207842.56578947368
454,800000.0,511771.281968291,486724.3245346142,593213.4325247525
455,100000.0,181448.19979400316,160912.67118575278,207842.56578947368
456,230000.0,187141.33787149139,276982.841795463,207842.56578947368
457,112000.0,177641.66356732693,119033.0798392598,207842.56578947368
458,370000.0,198845.90870804698,258519.9935467595,207842.56578947368
459,310000.0,222575.66302173963,276241.77939295775,207842.56578947368
460,350000.0,667294.589025718,671951.3356846281,593213.4325247525
461,572000.0,685927.1794165958,699097.2669234627,593213.4325247525
462,119000.0,180383.97368427756,95139.7487381761,207842.56578947368
463,480000.0,375379.44960994105,525420.385347675,593213.4325247525
464,229000.0,194577.44635491227,220217.9348839672,207842.56578947368
465,550000.0,500103.03316038015,471679.13089763286,577623.4939759036
466,100000.0,181308.41960342345,102718.3895343166,207842.56578947368
467,137350.0,180841.99434250555,113293.86705822179,207842.56578947368
468,188000.0,181400.61821712728,129661.86118318843,207842.56578947368
469,2150000.0,2530046.6225818717,2619419.69091485,2160899.9833333334
470,439000.0,544371.2570208573,588288.1802585871,577623.4939759036
471,327500.0,221331.87926572183,266543.30039076565,207842.56578947368
472,385000.0,469744.24039626855,477658.3263641859,372029.5326086957
473,2915000.0,1057281.4018812606,1027834.691131535,1046830.5576521739
474,1600000.0,1101976.4765918849,1154709.5551061984,1046830.5576521739
475,631500.0,561919.3571068995,595298.637068168,593213.4325247525
476,200000.0,282217.2672187115,330142.2385390628,207842.56578947368
477,536870.0,1721768.8784021772,1877336.0802696024,2030382.4225490196
478,1300000.0,2417101.5154224406,2476877.691128974,2160899.9833333334
479,532000.0,690206.2876070506,522877.76012645225,577623.4939759036
480,400000.0,221331.87926572183,262230.3260994643,207842.56578947368
481,420000.0,292346.5081104542,347398.03385005135,207842.56578947368
482,430000.0,1040731.2316671453,1035277.3552760516,1046830.5576521739
483,990000.0,1515503.2060307695,2063665.7696956343,1046830.5576521739
484,380000.0,265481.7585759112,262525.0791277733,207842.56578947368
485,185000.0,317654.9503149644,264578.5015182857,372029.5326086957
486,280000.0,382591.81802859245,326767.9576907865,372029.5326086957
487,196800.0,187810.19181042444,226041.67468064622,207842.56578947368
488,120000.0,213019.7639919149,154694.96721761714,207842.56578947368
489,285000.0,190776.20137616442,225140.64622694725,207842.56578947368
490,180000.0,198845.90870804698,236016.7470144398,207842.56578947368
491,597800.0,662615.3475602915,638173.6782259636,593213.4325247525
492,564000.0,663739.3596112416,628505.0088931208,593213.4325247525
493,370500.0,245788.5209712327,1804095.0667527195,207842.56578947368
494,245000.0,464766.1088346916,385012.1355452877,372029.5326086957
495,519000.0,764265.4747302759,695868.8888358333,923511.8670886076
496,2200000.0,1259995.8296536524,1276895.4644030395,1286429.891304348
497,2000000.0,1693422.747703245,2385604.5838137185,2030382.4225490196
498,54000.0,177641.66356732693,104250.58506413417,207842.56578947368
499,128000.0,194129.52782922483,247610.6732021086,207842.56578947368
500,668000.0,382299.8030490703,425507.29870372853,593213.4325247525
501,1100000.0,1102665.5094119883,972877.1835624075,1046830.5576521739
502,192500.0,281671.9221875808,307940.8725048727,207842.56578947368
503,4150000.0,1167208.80779563,1518322.581246247,1046830.5576521739
504,965000.0,685927.1794165958,677821.8921136429,593213.4325247525
505,671850.0,292890.0438908364,343835.1082634767,207842.56578947368
506,850000.0,694934.8947435152,604140.8919500284,577623.4939759036
507,35000.0,176485.23884389747,63339.425216067975,207842.56578947368
508,264100.0,293587.19472613634,409191.03070872754,207842.56578947368
509,145000.0,203707.05257176823,136350.54411248714,207842.56578947368
510,531500.0,291528.82017284876,333000.27766983554,207842.56578947368
511,75000.0,178443.2957866599,63954.16719018765,207842.56578947368
512,632500.0,563438.2764940133,613075.7149549196,593213.4325247525
513,500000.0,1102676.0412101473,919494.248513619,1046830.5576521739
514,749000.0,1146170.35724695,1140539.9203605624,1286429.891304348
515,400000.0,222575.66302173963,307068.864477323,207842.56578947368
516,305000.0,384001.0870998771,396694.8677227419,372029.5326086957
517,800000.0,864772.881575529,949187.2009243973,923511.8670886076
518,525000.0,844897.4863713755,959714.0889441695,923511.8670886076
519,130000.0,198845.90870804698,241166.44320190413,207842.56578947368
520,219000.0,189536.26371331263,158452.64017552402,207842.56578947368
521,240000.0,469138.7327745936,635128.5510972452,372029.5326086957
522,310000.0,216238.74012926433,203674.38594696313,207842.56578947368
523,151500.0,260787.6182618266,203174.9052013371,207842.56578947368
524,115000.0,195651.1890806568,229830.3421509178,207842.56578947368
525,525000.0,753080.1624143593,623920.0864867262,577623.4939759036
526,18712266.0,13312101.746136654,17153342.74197598,18712266.0
527,2150000.0,542514.5267928427,591490.9474096603,577623.4939759036
528,215000.0,266687.99815600546,200151.35661029874,207842.56578947368
529,378000.0,286012.72055409435,313237.72250491387,207842.56578947368
530,668000.0,363920.8268318688,322576.49888672295,372029.5326086957
531,540000.0,363769.42400267354,283001.6263400409,372029.5326086957
532,300000.0,209264.39641668982,277090.53024194675,207842.56578947368
533,375000.0,642809.9018375495,774239.1814967686,577623.4939759036
534,335000.0,379683.12061508273,477201.65190757613,593213.4325247525
535,425000.0,563438.2764940133,551287.5051545128,593213.4325247525
536,387900.0,290855.717555961,308992.0658900809,207842.56578947368
537,36000.0,176345.45865331774,48907.04499993396,207842.56578947368
538,120000.0,195640.3277193929,161444.90992110135,207842.56578947368
539,200000.0,314171.3087405085,285675.7586180681,372029.5326086957
540,380000.0,290465.23370688164,333419.0173997654,207842.56578947368
541,1285000.0,1304393.954051503,1334339.7649657435,1286429.891304348
542,311600.0,289886.9746633673,333170.175226131,207842.56578947368
543,2225000.0,1985461.7287396449,2531856.42940283,2030382.4225490196
544,3450000.0,1103377.4583504994,1151123.1396280949,1046830.5576521739
545,380000.0,281347.19900709664,305675.0499384037,207842.56578947368
546,71000.0,177641.66356732693,132262.94923208942,207842.56578947368
547,275000.0,187001.55768091165,193122.64520470446,207842.56578947368
548,210000.0,203960.5884347985,180825.18377028088,207842.56578947368
549,190000.0,198845.90870804698,257451.44903472898,207842.56578947368
550,230000.0,288231.28744726215,343414.05384291697,207842.56578947368
551,150000.0,264125.066412595,211316.2530933311,207842.56578947368
552,282500.0,265769.44938782783,212599.65395337844,207842.56578947368
553,737500.0,1105733.0965082333,1101847.0121762133,1046830.5576521739
554,380000.0,209010.8605536595,226971.96640217933,207842.56578947368
555,160000.0,281977.83832462045,350317.4839871101,207842.56578947368
556,890000.0,819987.7332058741,973931.1111192012,923511.8670886076
557,161000.0,202388.54411672434,247610.6732021086,207842.56578947368
558,500000.0,697939.6486229572,555552.801580328,577623.4939759036
559,120000.0,200257.1843006141,242554.74525073913,207842.56578947368
560,672000.0,671146.5140290094,679710.2233906757,593213.4325247525
561,825000.0,1104117.234137175,1151123.1396280949,1046830.5576521739
562,1775000.0,2520051.88424302,2347433.815284666,2160899.9833333334
563,79500.0,185845.1329574822,123838.49524621907,207842.56578947368
564,800000.0,884498.0907842864,910849.7395744235,923511.8670886076
565,405400.0,332931.9657268867,397171.67559166375,207842.56578947368
566,340000.0,222561.55605280036,236193.595292257,207842.56578947368
567,580000.0,1586400.8552881957,1327823.958821901,2030382.4225490196
568,130000.0,212534.7723175066,142221.30203837896,207842.56578947368
569,145000.0,202816.64061027882,166983.2025001076,207842.56578947368
570,687500.0,548144.3828883518,723548.6166213014,372029.5326086957
571,315000.0,501665.26876570535,483036.38521665405,577623.4939759036
572,100000.0,181540.39840770705,112494.02166278604,207842.56578947368
573,245000.0,181540.39840770705,193391.83978325254,207842.56578947368
574,260000.0,187141.33787149139,273900.94893730764,207842.56578947368
575,914400.0,382624.52622955444,434203.8490810448,593213.4325247525
576,480000.0,281977.83832462045,314798.26444468385,207842.56578947368
577,670000.0,579208.495799387,589931.9104971149,593213.4325247525
578,1230000.0,1099308.2713330856,1016823.542283121,1046830.5576521739
579,800000.0,665337.495923945,573645.0103662818,577623.4939759036
580,137000.0,214024.11885384168,162077.5256005706,207842.56578947368
581,98000.0,179201.88972924385,127848.73607001934,207842.56578947368
582,210000.0,219897.8906305131,238244.77554473173,207842.56578947368
583,215000.0,414952.70983965055,229307.40201634626,599852.6081081082
584,1550000.0,1106032.9529892418,1111292.807985129,1046830.5576521739
585,560000.0,690137.1188312907,543818.3938932362,577623.4939759036
586,165000.0,372918.02042285283,457993.9085144012,599852.6081081082
587,335000.0,585238.7817093839,800686.713007024,577623.4939759036
588,170000.0,265054.5544873852,203881.46502793892,207842.56578947368
589,123500.0,190636.42118558468,232852.45625004746,207842.56578947368
590,300000.0,221078.3434026915,232525.47565364512,207842.56578947368
591,487000.0,651080.9537187637,630011.5453106812,593213.4325247525
592,125000.0,195790.9692712365,249786.49452041087,207842.56578947368
593,2550000.0,1048540.0110509905,1003694.3047387411,1046830.5576521739
594,280000.0,221331.87926572183,312046.17142117803,207842.56578947368
595,2050000.0,1225239.847500143,1064581.5249188812,1286429.891304348
596,605000.0,948368.8900523456,913298.5624661028,923511.8670886076
597,2600000.0,1950856.1357307192,2087903.997777459,2030382.4225490196
598,3400000.0,2630446.3327838723,2578647.166042324,2160899.9833333334
599,630000.0,673299.0259086445,703273.8426582287,577623.4939759036
600,290250.0,185984.0609234332,234189.739399603,207842.56578947368
601,440000.0,667204.6702775555,655739.3571972451,593213.4325247525
